CREATE TABLE CATEGORY
(
    ID            BIGINT PRIMARY KEY AUTO_INCREMENT,
    NAME NVARCHAR(255) NOT NULL,
    IS_DELETE     BIT DEFAULT 1,
    IS_ACTIVATED  BIT DEFAULT 1
);
CREATE TABLE SUB_CATEGORY
(
    ID                  BIGINT PRIMARY KEY AUTO_INCREMENT,
    NAME NVARCHAR(50) NOT NULL,
    CATEGORY_ID BIGINT,
    FOREIGN KEY (CATEGORY_ID) REFERENCES CATEGORY (ID),
    IS_DELETE           BIT DEFAULT 1,
    IS_ACTIVATED        BIT DEFAULT 1
);
CREATE TABLE PRODUCT
(
    ID                  BIGINT PRIMARY KEY AUTO_INCREMENT,
    PRODUCT_NAME             NVARCHAR(255) NOT NULL,
    PRICE               BIGINT NOT NULL,
    WEIGHT              INT    NOT NULL,
    QUANTITY            INT    NOT NULL,
    `DESCRIPTION`       TEXT   NOT NULL,
    QUANTITY_SOLD       INT DEFAULT 0,
    IMAGE_URL           TEXT,
    SUB_CATEGORY_ID BIGINT,
    FOREIGN KEY (SUB_CATEGORY_ID) REFERENCES SUB_CATEGORY (ID),
    IS_DELETE           BIT DEFAULT 1,
    IS_ACTIVATED        BIT DEFAULT 1
);
CREATE TABLE PRODUCT_IMAGE
(
    ID           BIGINT PRIMARY KEY AUTO_INCREMENT,
    IMAGE_URL    TEXT NOT NULL,
    PRODUCT_ID   BIGINT,
    FOREIGN KEY (PRODUCT_ID) REFERENCES PRODUCT (ID),
    IS_DELETE    BIT DEFAULT 1,
    IS_ACTIVATED BIT DEFAULT 1
);
INSERT INTO `aurora_shop`.`product` (`ID`, `PRODUCT_NAME`, `PRICE`, `WEIGHT`, `QUANTITY`, `DESCRIPTION`) VALUES ('1', 'nsdjkfn', '12333', '1', '1', '1213');
INSERT INTO `aurora_shop`.`product` (`ID`, `PRODUCT_NAME`, `PRICE`, `WEIGHT`, `QUANTITY`, `DESCRIPTION`) VALUES ('2', 'ghf', '222', '1', '3', 'sdgrds');
INSERT INTO `aurora_shop`.`product` (`ID`, `PRODUCT_NAME`, `PRICE`, `WEIGHT`, `QUANTITY`, `DESCRIPTION`) VALUES ('3', 'xfgdf', '343', '1', '324', 'dcfgd');
INSERT INTO `aurora_shop`.`product` (`ID`, `PRODUCT_NAME`, `PRICE`, `WEIGHT`, `QUANTITY`, `DESCRIPTION`) VALUES ('4', 'sdfgd', '333', '33', '33', 'dfxgd');
INSERT INTO `aurora_shop`.`product` (`ID`, `PRODUCT_NAME`, `PRICE`, `WEIGHT`, `QUANTITY`, `DESCRIPTION`) VALUES ('5', 'sdfsd', '3', '2', '2', 'sfsg');
INSERT INTO `aurora_shop`.`product` (`ID`, `PRODUCT_NAME`, `PRICE`, `WEIGHT`, `QUANTITY`, `DESCRIPTION`) VALUES ('6', 'sfds', '4', '4', '4', 'sdgrs');
INSERT INTO `aurora_shop`.`product` (`ID`, `PRODUCT_NAME`, `PRICE`, `WEIGHT`, `QUANTITY`, `DESCRIPTION`) VALUES ('7', 'ghf', '222', '1', '3', 'sdgrds');
INSERT INTO `aurora_shop`.`product` (`ID`, `PRODUCT_NAME`, `PRICE`, `WEIGHT`, `QUANTITY`, `DESCRIPTION`) VALUES ('8', 'xfgdf', '343', '1', '324', 'dcfgd');
INSERT INTO `aurora_shop`.`product` (`ID`, `PRODUCT_NAME`, `PRICE`, `WEIGHT`, `QUANTITY`, `DESCRIPTION`) VALUES ('9', 'sdfgd', '333', '33', '33', 'dfxgd');
INSERT INTO `aurora_shop`.`product` (`ID`, `PRODUCT_NAME`, `PRICE`, `WEIGHT`, `QUANTITY`, `DESCRIPTION`) VALUES ('10', 'sdfsd', '3', '2', '2', 'sfsg');
INSERT INTO `aurora_shop`.`product` (`ID`, `PRODUCT_NAME`, `PRICE`, `WEIGHT`, `QUANTITY`, `DESCRIPTION`) VALUES ('11', 'sfds', '4', '4', '4', 'sdgrs');

INSERT INTO `aurora_shop`.`category` (`ID`, `NAME`) VALUES ('1', 'vong');
INSERT INTO `aurora_shop`.`category` (`ID`, `NAME`) VALUES ('2', 'chuoi');
INSERT INTO `aurora_shop`.`category` (`ID`, `NAME`) VALUES ('3', 'bai');
INSERT INTO `aurora_shop`.`category` (`ID`, `NAME`) VALUES ('4', 'sach');
INSERT INTO `aurora_shop`.`category` (`ID`, `NAME`) VALUES ('5', 'nụ trầm');
INSERT INTO `aurora_shop`.`category` (`ID`, `NAME`) VALUES ('6', 'đá');
INSERT INTO `aurora_shop`.`category` (`ID`, `NAME`) VALUES ('7', 'bài oracle');
INSERT INTO `aurora_shop`.`category` (`ID`, `NAME`) VALUES ('8', 'sach');

INSERT INTO `aurora_shop`.`sub_category` (`ID`, `NAME`, `CATEGORY_ID`) VALUES ('1', 'esrfg', '1');
INSERT INTO `aurora_shop`.`sub_category` (`ID`, `NAME`, `CATEGORY_ID`) VALUES ('2', 'dfg', '1');
INSERT INTO `aurora_shop`.`sub_category` (`ID`, `NAME`, `CATEGORY_ID`) VALUES ('3', 'dfg', '3');
INSERT INTO `aurora_shop`.`sub_category` (`ID`, `NAME`, `CATEGORY_ID`) VALUES ('4', 'dfg', '3');
INSERT INTO `aurora_shop`.`sub_category` (`ID`, `NAME`, `CATEGORY_ID`) VALUES ('5', 'serg', '2');
INSERT INTO `aurora_shop`.`sub_category` (`ID`, `NAME`, `CATEGORY_ID`) VALUES ('6', 'dgrs', '4');


UPDATE `aurora_shop`.`product` SET `IMAGE_URL` = 'https://media.istockphoto.com/id/1410329790/vi/anh/kim-c%C6%B0%C6%A1ng.jpg?s=612x612&w=0&k=20&c=3NeaE3szoVdyJAUF54PMFUunfs1hD3RvhuIy_gumW9s=' WHERE (`ID` = '1');
UPDATE `aurora_shop`.`product` SET `IMAGE_URL` = 'https://media.istockphoto.com/id/1201150101/vi/vec-to/ph%E1%BB%A5-ki%E1%BB%87n-trang-s%E1%BB%A9c-th%E1%BB%B1c-t%E1%BA%BF.jpg?s=612x612&w=0&k=20&c=Z-crShAponDXFnfVdvZvcjyk54JRSab2Y4JpcfQvJ0Y=' WHERE (`ID` = '2');
UPDATE `aurora_shop`.`product` SET `IMAGE_URL` = 'https://media.istockphoto.com/id/1145185972/vi/anh/c%E1%BA%B7p-b%C3%B4ng-tai-ng%E1%BB%8Dc-l%E1%BB%A5c-b%E1%BA%A3o-%C4%91%C6%B0%E1%BB%A3c-c%C3%A1ch-ly-tr%C3%AAn-n%E1%BB%81n-tr%E1%BA%AFng.jpg?s=612x612&w=0&k=20&c=lKBKQt8UFw74WjaPXypE5XnqmkdXSCHdaxu9IDBv66w=' WHERE (`ID` = '3');
UPDATE `aurora_shop`.`product` SET `IMAGE_URL` = 'https://media.istockphoto.com/id/176830145/vi/anh/nh%E1%BA%ABn-c%C6%B0%E1%BB%9Bi.jpg?s=612x612&w=0&k=20&c=UFS0kVg2_T_4C03FL__rA_WrzfJ9gLXX9HAZfCAmqYk=' WHERE (`ID` = '4');
UPDATE `aurora_shop`.`product` SET `IMAGE_URL` = 'https://media.istockphoto.com/id/176830145/vi/anh/nh%E1%BA%ABn-c%C6%B0%E1%BB%9Bi.jpg?s=612x612&w=0&k=20&c=UFS0kVg2_T_4C03FL__rA_WrzfJ9gLXX9HAZfCAmqYk=' WHERE (`ID` = '5');
UPDATE `aurora_shop`.`product` SET `IMAGE_URL` = 'https://media.istockphoto.com/id/176830145/vi/anh/nh%E1%BA%ABn-c%C6%B0%E1%BB%9Bi.jpg?s=612x612&w=0&k=20&c=UFS0kVg2_T_4C03FL__rA_WrzfJ9gLXX9HAZfCAmqYk=' WHERE (`ID` = '6');
UPDATE `aurora_shop`.`product` SET `IMAGE_URL` = 'https://media.istockphoto.com/id/176830145/vi/anh/nh%E1%BA%ABn-c%C6%B0%E1%BB%9Bi.jpg?s=612x612&w=0&k=20&c=UFS0kVg2_T_4C03FL__rA_WrzfJ9gLXX9HAZfCAmqYk=' WHERE (`ID` = '7');
UPDATE `aurora_shop`.`product` SET `IMAGE_URL` = 'https://media.istockphoto.com/id/176830145/vi/anh/nh%E1%BA%ABn-c%C6%B0%E1%BB%9Bi.jpg?s=612x612&w=0&k=20&c=UFS0kVg2_T_4C03FL__rA_WrzfJ9gLXX9HAZfCAmqYk=' WHERE (`ID` = '8');
UPDATE `aurora_shop`.`product` SET `IMAGE_URL` = 'https://media.istockphoto.com/id/176830145/vi/anh/nh%E1%BA%ABn-c%C6%B0%E1%BB%9Bi.jpg?s=612x612&w=0&k=20&c=UFS0kVg2_T_4C03FL__rA_WrzfJ9gLXX9HAZfCAmqYk=' WHERE (`ID` = '9');
UPDATE `aurora_shop`.`product` SET `IMAGE_URL` = 'https://media.istockphoto.com/id/176830145/vi/anh/nh%E1%BA%ABn-c%C6%B0%E1%BB%9Bi.jpg?s=612x612&w=0&k=20&c=UFS0kVg2_T_4C03FL__rA_WrzfJ9gLXX9HAZfCAmqYk=' WHERE (`ID` = '10');
UPDATE `aurora_shop`.`product` SET `IMAGE_URL` = 'https://media.istockphoto.com/id/176830145/vi/anh/nh%E1%BA%ABn-c%C6%B0%E1%BB%9Bi.jpg?s=612x612&w=0&k=20&c=UFS0kVg2_T_4C03FL__rA_WrzfJ9gLXX9HAZfCAmqYk=' WHERE (`ID` = '11');
INSERT INTO `aurora_shop`.`product_image` (`ID`, `IMAGE_URL`, `PRODUCT_ID`) VALUES ('1', 'rtgrte', '1');
INSERT INTO `aurora_shop`.`product_image` (`ID`, `IMAGE_URL`, `PRODUCT_ID`) VALUES ('2', 'erth', '3');
INSERT INTO `aurora_shop`.`product_image` (`ID`, `IMAGE_URL`, `PRODUCT_ID`) VALUES ('3', 'ertgh', '1');
INSERT INTO `aurora_shop`.`product_image` (`ID`, `IMAGE_URL`, `PRODUCT_ID`) VALUES ('4', 'erth', '3');

INSERT INTO `aurora_shop`.`product` (`ID`, `PRODUCT_NAME`, `PRICE`, `WEIGHT`, `QUANTITY`, `DESCRIPTION`, `IMAGE_URL`, `SUB_CATEGORY_ID`) VALUES ('12', 'sfds', '11', '1', '6', 'sdgrs', 'https://media.istockphoto.com/id/176830145/vi/anh/nh%E1%BA%ABn-c%C6%B0%E1%BB%9Bi.jpg?s=612x612&w=0&k=20&c=UFS0kVg2_T_4C03FL__rA_WrzfJ9gLXX9HAZfCAmqYk=', '5');
INSERT INTO `aurora_shop`.`product` (`ID`, `PRODUCT_NAME`, `PRICE`, `WEIGHT`, `QUANTITY`, `DESCRIPTION`, `IMAGE_URL`, `SUB_CATEGORY_ID`) VALUES ('13', 'sfds', '111', '1', '6', 'sdgrs', 'https://media.istockphoto.com/id/176830145/vi/anh/nh%E1%BA%ABn-c%C6%B0%E1%BB%9Bi.jpg?s=612x612&w=0&k=20&c=UFS0kVg2_T_4C03FL__rA_WrzfJ9gLXX9HAZfCAmqYk=', '5');
INSERT INTO `aurora_shop`.`product` (`ID`, `PRODUCT_NAME`, `PRICE`, `WEIGHT`, `QUANTITY`, `DESCRIPTION`, `IMAGE_URL`, `SUB_CATEGORY_ID`) VALUES ('14', 'sfds', '11', '12', '6', 'sdgrs', 'https://media.istockphoto.com/id/176830145/vi/anh/nh%E1%BA%ABn-c%C6%B0%E1%BB%9Bi.jpg?s=612x612&w=0&k=20&c=UFS0kVg2_T_4C03FL__rA_WrzfJ9gLXX9HAZfCAmqYk=', '5');
INSERT INTO `aurora_shop`.`product` (`ID`, `PRODUCT_NAME`, `PRICE`, `WEIGHT`, `QUANTITY`, `DESCRIPTION`, `IMAGE_URL`, `SUB_CATEGORY_ID`) VALUES ('15', 'sfds', '1111', '2', '6', 'sdgrs', 'https://media.istockphoto.com/id/176830145/vi/anh/nh%E1%BA%ABn-c%C6%B0%E1%BB%9Bi.jpg?s=612x612&w=0&k=20&c=UFS0kVg2_T_4C03FL__rA_WrzfJ9gLXX9HAZfCAmqYk=', '5');
INSERT INTO `aurora_shop`.`product` (`ID`, `PRODUCT_NAME`, `PRICE`, `WEIGHT`, `QUANTITY`, `DESCRIPTION`, `IMAGE_URL`, `SUB_CATEGORY_ID`) VALUES ('16', 'sfds', '11', '3', '5', 'sdgrs', 'https://media.istockphoto.com/id/176830145/vi/anh/nh%E1%BA%ABn-c%C6%B0%E1%BB%9Bi.jpg?s=612x612&w=0&k=20&c=UFS0kVg2_T_4C03FL__rA_WrzfJ9gLXX9HAZfCAmqYk=', '5');
INSERT INTO `aurora_shop`.`product` (`ID`, `PRODUCT_NAME`, `PRICE`, `WEIGHT`, `QUANTITY`, `DESCRIPTION`, `IMAGE_URL`, `SUB_CATEGORY_ID`) VALUES ('17', 'sfds', '1', '3', '5', 'sdgrs', 'https://media.istockphoto.com/id/176830145/vi/anh/nh%E1%BA%ABn-c%C6%B0%E1%BB%9Bi.jpg?s=612x612&w=0&k=20&c=UFS0kVg2_T_4C03FL__rA_WrzfJ9gLXX9HAZfCAmqYk=', '5');
INSERT INTO `aurora_shop`.`product` (`ID`, `PRODUCT_NAME`, `PRICE`, `WEIGHT`, `QUANTITY`, `DESCRIPTION`, `IMAGE_URL`, `SUB_CATEGORY_ID`) VALUES ('18', 'sfds', '1', '3', '5', 'sdgrs', 'https://media.istockphoto.com/id/176830145/vi/anh/nh%E1%BA%ABn-c%C6%B0%E1%BB%9Bi.jpg?s=612x612&w=0&k=20&c=UFS0kVg2_T_4C03FL__rA_WrzfJ9gLXX9HAZfCAmqYk=', '5');
INSERT INTO `aurora_shop`.`product` (`ID`, `PRODUCT_NAME`, `PRICE`, `WEIGHT`, `QUANTITY`, `DESCRIPTION`, `IMAGE_URL`, `SUB_CATEGORY_ID`) VALUES ('19', 'sfds', '1', '3', '7', 'sdgrs', 'https://media.istockphoto.com/id/176830145/vi/anh/nh%E1%BA%ABn-c%C6%B0%E1%BB%9Bi.jpg?s=612x612&w=0&k=20&c=UFS0kVg2_T_4C03FL__rA_WrzfJ9gLXX9HAZfCAmqYk=', '5');
INSERT INTO `aurora_shop`.`product` (`ID`, `PRODUCT_NAME`, `PRICE`, `WEIGHT`, `QUANTITY`, `DESCRIPTION`, `IMAGE_URL`, `SUB_CATEGORY_ID`) VALUES ('20', 'sfds', '1', '32', '7', 'sdgrs', 'https://media.istockphoto.com/id/176830145/vi/anh/nh%E1%BA%ABn-c%C6%B0%E1%BB%9Bi.jpg?s=612x612&w=0&k=20&c=UFS0kVg2_T_4C03FL__rA_WrzfJ9gLXX9HAZfCAmqYk=', '5');
INSERT INTO `aurora_shop`.`product` (`ID`, `PRODUCT_NAME`, `PRICE`, `WEIGHT`, `QUANTITY`, `DESCRIPTION`, `IMAGE_URL`, `SUB_CATEGORY_ID`) VALUES ('21', 'sfds', '1', '2', '77', 'sdgrs', 'https://media.istockphoto.com/id/176830145/vi/anh/nh%E1%BA%ABn-c%C6%B0%E1%BB%9Bi.jpg?s=612x612&w=0&k=20&c=UFS0kVg2_T_4C03FL__rA_WrzfJ9gLXX9HAZfCAmqYk=', '5');
INSERT INTO `aurora_shop`.`product` (`ID`, `PRODUCT_NAME`, `PRICE`, `WEIGHT`, `QUANTITY`, `DESCRIPTION`, `IMAGE_URL`, `SUB_CATEGORY_ID`) VALUES ('22', 'sfds', '11', '6', '7', 'sdgrs', 'https://media.istockphoto.com/id/176830145/vi/anh/nh%E1%BA%ABn-c%C6%B0%E1%BB%9Bi.jpg?s=612x612&w=0&k=20&c=UFS0kVg2_T_4C03FL__rA_WrzfJ9gLXX9HAZfCAmqYk=', '5');
INSERT INTO `aurora_shop`.`product` (`ID`, `PRODUCT_NAME`, `PRICE`, `WEIGHT`, `QUANTITY`, `DESCRIPTION`, `IMAGE_URL`, `SUB_CATEGORY_ID`) VALUES ('23', 'sfds', '1', '6', '7', 'sdgrs', 'https://media.istockphoto.com/id/176830145/vi/anh/nh%E1%BA%ABn-c%C6%B0%E1%BB%9Bi.jpg?s=612x612&w=0&k=20&c=UFS0kVg2_T_4C03FL__rA_WrzfJ9gLXX9HAZfCAmqYk=', '5');
INSERT INTO `aurora_shop`.`product` (`ID`, `PRODUCT_NAME`, `PRICE`, `WEIGHT`, `QUANTITY`, `DESCRIPTION`, `IMAGE_URL`, `SUB_CATEGORY_ID`) VALUES ('24', 'sfds', '111', '6', '7', 'sdgrs', 'https://media.istockphoto.com/id/176830145/vi/anh/nh%E1%BA%ABn-c%C6%B0%E1%BB%9Bi.jpg?s=612x612&w=0&k=20&c=UFS0kVg2_T_4C03FL__rA_WrzfJ9gLXX9HAZfCAmqYk=', '5');
INSERT INTO `aurora_shop`.`product` (`ID`, `PRODUCT_NAME`, `PRICE`, `WEIGHT`, `QUANTITY`, `DESCRIPTION`, `IMAGE_URL`, `SUB_CATEGORY_ID`) VALUES ('25', 'sfds', '11', '6', '7', 'sdgrs', 'https://media.istockphoto.com/id/176830145/vi/anh/nh%E1%BA%ABn-c%C6%B0%E1%BB%9Bi.jpg?s=612x612&w=0&k=20&c=UFS0kVg2_T_4C03FL__rA_WrzfJ9gLXX9HAZfCAmqYk=', '5');
INSERT INTO `aurora_shop`.`product` (`ID`, `PRODUCT_NAME`, `PRICE`, `WEIGHT`, `QUANTITY`, `DESCRIPTION`, `IMAGE_URL`, `SUB_CATEGORY_ID`) VALUES ('26', 'sfds', '1111', '6', '7', 'sdgrs', 'https://media.istockphoto.com/id/176830145/vi/anh/nh%E1%BA%ABn-c%C6%B0%E1%BB%9Bi.jpg?s=612x612&w=0&k=20&c=UFS0kVg2_T_4C03FL__rA_WrzfJ9gLXX9HAZfCAmqYk=', '5');
INSERT INTO `aurora_shop`.`product` (`ID`, `PRODUCT_NAME`, `PRICE`, `WEIGHT`, `QUANTITY`, `DESCRIPTION`, `IMAGE_URL`, `SUB_CATEGORY_ID`) VALUES ('27', 'sfds', '111', '6', '7', 'sdgrs', 'https://media.istockphoto.com/id/176830145/vi/anh/nh%E1%BA%ABn-c%C6%B0%E1%BB%9Bi.jpg?s=612x612&w=0&k=20&c=UFS0kVg2_T_4C03FL__rA_WrzfJ9gLXX9HAZfCAmqYk=', '5');
INSERT INTO `aurora_shop`.`product` (`ID`, `PRODUCT_NAME`, `PRICE`, `WEIGHT`, `QUANTITY`, `DESCRIPTION`, `IMAGE_URL`, `SUB_CATEGORY_ID`) VALUES ('28', 'sfds', '1111', '6', '7', 'sdgrs', 'https://media.istockphoto.com/id/176830145/vi/anh/nh%E1%BA%ABn-c%C6%B0%E1%BB%9Bi.jpg?s=612x612&w=0&k=20&c=UFS0kVg2_T_4C03FL__rA_WrzfJ9gLXX9HAZfCAmqYk=', '5');
INSERT INTO `aurora_shop`.`product` (`ID`, `PRODUCT_NAME`, `PRICE`, `WEIGHT`, `QUANTITY`, `DESCRIPTION`, `IMAGE_URL`, `SUB_CATEGORY_ID`) VALUES ('29', 'sfds', '1', '6', '7', 'sdgrs', 'https://media.istockphoto.com/id/176830145/vi/anh/nh%E1%BA%ABn-c%C6%B0%E1%BB%9Bi.jpg?s=612x612&w=0&k=20&c=UFS0kVg2_T_4C03FL__rA_WrzfJ9gLXX9HAZfCAmqYk=', '5');
INSERT INTO `aurora_shop`.`product` (`ID`, `PRODUCT_NAME`, `PRICE`, `WEIGHT`, `QUANTITY`, `DESCRIPTION`, `IMAGE_URL`, `SUB_CATEGORY_ID`) VALUES ('30', 'sfds', '1', '6', '7', 'sdgrs', 'https://media.istockphoto.com/id/176830145/vi/anh/nh%E1%BA%ABn-c%C6%B0%E1%BB%9Bi.jpg?s=612x612&w=0&k=20&c=UFS0kVg2_T_4C03FL__rA_WrzfJ9gLXX9HAZfCAmqYk=', '5');
INSERT INTO `aurora_shop`.`product` (`ID`, `PRODUCT_NAME`, `PRICE`, `WEIGHT`, `QUANTITY`, `DESCRIPTION`, `IMAGE_URL`, `SUB_CATEGORY_ID`) VALUES ('31', 'sfds', '111', '6', '7', 'sdgrs', 'https://media.istockphoto.com/id/176830145/vi/anh/nh%E1%BA%ABn-c%C6%B0%E1%BB%9Bi.jpg?s=612x612&w=0&k=20&c=UFS0kVg2_T_4C03FL__rA_WrzfJ9gLXX9HAZfCAmqYk=', '5');
INSERT INTO `aurora_shop`.`product` (`ID`, `PRODUCT_NAME`, `PRICE`, `WEIGHT`, `QUANTITY`, `DESCRIPTION`, `IMAGE_URL`, `SUB_CATEGORY_ID`) VALUES ('32', 'sfds', '11', '6', '7', 'sdgrs', 'https://media.istockphoto.com/id/176830145/vi/anh/nh%E1%BA%ABn-c%C6%B0%E1%BB%9Bi.jpg?s=612x612&w=0&k=20&c=UFS0kVg2_T_4C03FL__rA_WrzfJ9gLXX9HAZfCAmqYk=', '5');
INSERT INTO `aurora_shop`.`product` (`ID`, `PRODUCT_NAME`, `PRICE`, `WEIGHT`, `QUANTITY`, `DESCRIPTION`, `IMAGE_URL`, `SUB_CATEGORY_ID`) VALUES ('33', 'sfds', '1111', '6', '7', 'sdgrs', 'https://media.istockphoto.com/id/176830145/vi/anh/nh%E1%BA%ABn-c%C6%B0%E1%BB%9Bi.jpg?s=612x612&w=0&k=20&c=UFS0kVg2_T_4C03FL__rA_WrzfJ9gLXX9HAZfCAmqYk=', '5');
INSERT INTO `aurora_shop`.`product` (`ID`, `PRODUCT_NAME`, `PRICE`, `WEIGHT`, `QUANTITY`, `DESCRIPTION`, `IMAGE_URL`, `SUB_CATEGORY_ID`) VALUES ('34', 'sfds', '111', '6', '7', 'sdgrs', 'https://media.istockphoto.com/id/176830145/vi/anh/nh%E1%BA%ABn-c%C6%B0%E1%BB%9Bi.jpg?s=612x612&w=0&k=20&c=UFS0kVg2_T_4C03FL__rA_WrzfJ9gLXX9HAZfCAmqYk=', '5');
INSERT INTO `aurora_shop`.`product` (`ID`, `PRODUCT_NAME`, `PRICE`, `WEIGHT`, `QUANTITY`, `DESCRIPTION`, `IMAGE_URL`, `SUB_CATEGORY_ID`) VALUES ('35', 'sfds', '1111', '6', '7', 'sdgrs', 'https://media.istockphoto.com/id/176830145/vi/anh/nh%E1%BA%ABn-c%C6%B0%E1%BB%9Bi.jpg?s=612x612&w=0&k=20&c=UFS0kVg2_T_4C03FL__rA_WrzfJ9gLXX9HAZfCAmqYk=', '5');
INSERT INTO `aurora_shop`.`product` (`ID`, `PRODUCT_NAME`, `PRICE`, `WEIGHT`, `QUANTITY`, `DESCRIPTION`, `IMAGE_URL`, `SUB_CATEGORY_ID`) VALUES ('36', 'sfds', '1', '6', '7', 'sdgrs', 'https://media.istockphoto.com/id/176830145/vi/anh/nh%E1%BA%ABn-c%C6%B0%E1%BB%9Bi.jpg?s=612x612&w=0&k=20&c=UFS0kVg2_T_4C03FL__rA_WrzfJ9gLXX9HAZfCAmqYk=', '5');

INSERT INTO `aurora_shop`.`product_image` (`ID`, `IMAGE_URL`, `PRODUCT_ID`) VALUES ('10', 'https://media.istockphoto.com/id/1410329790/vi/anh/kim-c%C6%B0%C6%A1ng.jpg?s=612x612&w=0&k=20&c=3NeaE3szoVdyJAUF54PMFUunfs1hD3RvhuIy_gumW9s=', '5');
INSERT INTO `aurora_shop`.`product_image` (`ID`, `IMAGE_URL`, `PRODUCT_ID`) VALUES ('11', 'https://media.istockphoto.com/id/1410329790/vi/anh/kim-c%C6%B0%C6%A1ng.jpg?s=612x612&w=0&k=20&c=3NeaE3szoVdyJAUF54PMFUunfs1hD3RvhuIy_gumW9s=', '6');
INSERT INTO `aurora_shop`.`product_image` (`ID`, `IMAGE_URL`, `PRODUCT_ID`) VALUES ('12', 'https://media.istockphoto.com/id/1410329790/vi/anh/kim-c%C6%B0%C6%A1ng.jpg?s=612x612&w=0&k=20&c=3NeaE3szoVdyJAUF54PMFUunfs1hD3RvhuIy_gumW9s=', '6');
INSERT INTO `aurora_shop`.`product_image` (`ID`, `IMAGE_URL`, `PRODUCT_ID`) VALUES ('13', 'https://media.istockphoto.com/id/1410329790/vi/anh/kim-c%C6%B0%C6%A1ng.jpg?s=612x612&w=0&k=20&c=3NeaE3szoVdyJAUF54PMFUunfs1hD3RvhuIy_gumW9s=', '7');
INSERT INTO `aurora_shop`.`product_image` (`ID`, `IMAGE_URL`, `PRODUCT_ID`) VALUES ('14', 'https://media.istockphoto.com/id/1410329790/vi/anh/kim-c%C6%B0%C6%A1ng.jpg?s=612x612&w=0&k=20&c=3NeaE3szoVdyJAUF54PMFUunfs1hD3RvhuIy_gumW9s=', '7');
INSERT INTO `aurora_shop`.`product_image` (`ID`, `IMAGE_URL`, `PRODUCT_ID`) VALUES ('15', 'https://media.istockphoto.com/id/1410329790/vi/anh/kim-c%C6%B0%C6%A1ng.jpg?s=612x612&w=0&k=20&c=3NeaE3szoVdyJAUF54PMFUunfs1hD3RvhuIy_gumW9s=', '8');
INSERT INTO `aurora_shop`.`product_image` (`ID`, `IMAGE_URL`, `PRODUCT_ID`) VALUES ('16', 'https://media.istockphoto.com/id/1410329790/vi/anh/kim-c%C6%B0%C6%A1ng.jpg?s=612x612&w=0&k=20&c=3NeaE3szoVdyJAUF54PMFUunfs1hD3RvhuIy_gumW9s=', '8');
INSERT INTO `aurora_shop`.`product_image` (`ID`, `IMAGE_URL`, `PRODUCT_ID`) VALUES ('17', 'https://media.istockphoto.com/id/1410329790/vi/anh/kim-c%C6%B0%C6%A1ng.jpg?s=612x612&w=0&k=20&c=3NeaE3szoVdyJAUF54PMFUunfs1hD3RvhuIy_gumW9s=', '9');
INSERT INTO `aurora_shop`.`product_image` (`ID`, `IMAGE_URL`, `PRODUCT_ID`) VALUES ('18', 'https://media.istockphoto.com/id/1410329790/vi/anh/kim-c%C6%B0%C6%A1ng.jpg?s=612x612&w=0&k=20&c=3NeaE3szoVdyJAUF54PMFUunfs1hD3RvhuIy_gumW9s=', '9');
INSERT INTO `aurora_shop`.`product_image` (`ID`, `IMAGE_URL`, `PRODUCT_ID`) VALUES ('19', 'https://media.istockphoto.com/id/1201150101/vi/vec-to/ph%E1%BB%A5-ki%E1%BB%87n-trang-s%E1%BB%A9c-th%E1%BB%B1c-t%E1%BA%BF.jpg?s=612x612&w=0&k=20&c=Z-crShAponDXFnfVdvZvcjyk54JRSab2Y4JpcfQvJ0Y=', '10');
INSERT INTO `aurora_shop`.`product_image` (`ID`, `IMAGE_URL`, `PRODUCT_ID`) VALUES ('20', 'https://media.istockphoto.com/id/1201150101/vi/vec-to/ph%E1%BB%A5-ki%E1%BB%87n-trang-s%E1%BB%A9c-th%E1%BB%B1c-t%E1%BA%BF.jpg?s=612x612&w=0&k=20&c=Z-crShAponDXFnfVdvZvcjyk54JRSab2Y4JpcfQvJ0Y=', '10');
INSERT INTO `aurora_shop`.`product_image` (`ID`, `IMAGE_URL`, `PRODUCT_ID`) VALUES ('21', 'https://media.istockphoto.com/id/1201150101/vi/vec-to/ph%E1%BB%A5-ki%E1%BB%87n-trang-s%E1%BB%A9c-th%E1%BB%B1c-t%E1%BA%BF.jpg?s=612x612&w=0&k=20&c=Z-crShAponDXFnfVdvZvcjyk54JRSab2Y4JpcfQvJ0Y=', '11');
INSERT INTO `aurora_shop`.`product_image` (`ID`, `IMAGE_URL`, `PRODUCT_ID`) VALUES ('22', 'https://media.istockphoto.com/id/1201150101/vi/vec-to/ph%E1%BB%A5-ki%E1%BB%87n-trang-s%E1%BB%A9c-th%E1%BB%B1c-t%E1%BA%BF.jpg?s=612x612&w=0&k=20&c=Z-crShAponDXFnfVdvZvcjyk54JRSab2Y4JpcfQvJ0Y=', '11');
INSERT INTO `aurora_shop`.`product_image` (`ID`, `IMAGE_URL`, `PRODUCT_ID`) VALUES ('23', 'https://media.istockphoto.com/id/1201150101/vi/vec-to/ph%E1%BB%A5-ki%E1%BB%87n-trang-s%E1%BB%A9c-th%E1%BB%B1c-t%E1%BA%BF.jpg?s=612x612&w=0&k=20&c=Z-crShAponDXFnfVdvZvcjyk54JRSab2Y4JpcfQvJ0Y=', '12');
INSERT INTO `aurora_shop`.`product_image` (`ID`, `IMAGE_URL`, `PRODUCT_ID`) VALUES ('24', 'https://media.istockphoto.com/id/1201150101/vi/vec-to/ph%E1%BB%A5-ki%E1%BB%87n-trang-s%E1%BB%A9c-th%E1%BB%B1c-t%E1%BA%BF.jpg?s=612x612&w=0&k=20&c=Z-crShAponDXFnfVdvZvcjyk54JRSab2Y4JpcfQvJ0Y=', '12');
INSERT INTO `aurora_shop`.`product_image` (`ID`, `IMAGE_URL`, `PRODUCT_ID`) VALUES ('25', 'https://media.istockphoto.com/id/1201150101/vi/vec-to/ph%E1%BB%A5-ki%E1%BB%87n-trang-s%E1%BB%A9c-th%E1%BB%B1c-t%E1%BA%BF.jpg?s=612x612&w=0&k=20&c=Z-crShAponDXFnfVdvZvcjyk54JRSab2Y4JpcfQvJ0Y=', '13');
INSERT INTO `aurora_shop`.`product_image` (`ID`, `IMAGE_URL`, `PRODUCT_ID`) VALUES ('26', 'https://media.istockphoto.com/id/1201150101/vi/vec-to/ph%E1%BB%A5-ki%E1%BB%87n-trang-s%E1%BB%A9c-th%E1%BB%B1c-t%E1%BA%BF.jpg?s=612x612&w=0&k=20&c=Z-crShAponDXFnfVdvZvcjyk54JRSab2Y4JpcfQvJ0Y=', '13');
INSERT INTO `aurora_shop`.`product_image` (`ID`, `IMAGE_URL`, `PRODUCT_ID`) VALUES ('27', 'https://media.istockphoto.com/id/1201150101/vi/vec-to/ph%E1%BB%A5-ki%E1%BB%87n-trang-s%E1%BB%A9c-th%E1%BB%B1c-t%E1%BA%BF.jpg?s=612x612&w=0&k=20&c=Z-crShAponDXFnfVdvZvcjyk54JRSab2Y4JpcfQvJ0Y=', '14');
INSERT INTO `aurora_shop`.`product_image` (`ID`, `IMAGE_URL`, `PRODUCT_ID`) VALUES ('28', 'https://media.istockphoto.com/id/1201150101/vi/vec-to/ph%E1%BB%A5-ki%E1%BB%87n-trang-s%E1%BB%A9c-th%E1%BB%B1c-t%E1%BA%BF.jpg?s=612x612&w=0&k=20&c=Z-crShAponDXFnfVdvZvcjyk54JRSab2Y4JpcfQvJ0Y=', '14');
INSERT INTO `aurora_shop`.`product_image` (`ID`, `IMAGE_URL`, `PRODUCT_ID`) VALUES ('29', 'https://media.istockphoto.com/id/1201150101/vi/vec-to/ph%E1%BB%A5-ki%E1%BB%87n-trang-s%E1%BB%A9c-th%E1%BB%B1c-t%E1%BA%BF.jpg?s=612x612&w=0&k=20&c=Z-crShAponDXFnfVdvZvcjyk54JRSab2Y4JpcfQvJ0Y=', '15');
INSERT INTO `aurora_shop`.`product_image` (`ID`, `IMAGE_URL`, `PRODUCT_ID`) VALUES ('30', 'https://media.istockphoto.com/id/1201150101/vi/vec-to/ph%E1%BB%A5-ki%E1%BB%87n-trang-s%E1%BB%A9c-th%E1%BB%B1c-t%E1%BA%BF.jpg?s=612x612&w=0&k=20&c=Z-crShAponDXFnfVdvZvcjyk54JRSab2Y4JpcfQvJ0Y=', '15');
UPDATE `aurora_shop`.`product` SET `DESCRIPTION` = 'hi chúng ta cần dữ liệu hiển thị mà giá trị không thay đổi trong component thì chúng ta sử dụng props trong phương thức render của component. Ví dụ như anh có component là APP trong đó giá trị h1 và h2 là được lấy từ component cha truyền xuống và không thay đổi được giá trị. Chúng ta sử dụng từ khoá this.props để lấy giá trị như sau' WHERE (`ID` = '1');
UPDATE `aurora_shop`.`product` SET `DESCRIPTION` = 'hi chúng ta cần dữ liệu hiển thị mà giá trị không thay đổi trong component thì chúng ta sử dụng props trong phương thức render của component. Ví dụ như anh có component là APP trong đó giá trị h1 và h2 là được lấy từ component cha truyền xuống và không thay đổi được giá trị. Chúng ta sử dụng từ khoá this.props để lấy giá trị như sau' WHERE (`ID` = '2');
UPDATE `aurora_shop`.`product` SET `DESCRIPTION` = 'hi chúng ta cần dữ liệu hiển thị mà giá trị không thay đổi trong component thì chúng ta sử dụng props trong phương thức render của component. Ví dụ như anh có component là APP trong đó giá trị h1 và h2 là được lấy từ component cha truyền xuống và không thay đổi được giá trị. Chúng ta sử dụng từ khoá this.props để lấy giá trị như sau' WHERE (`ID` = '3');
UPDATE `aurora_shop`.`product` SET `DESCRIPTION` = 'hi chúng ta cần dữ liệu hiển thị mà giá trị không thay đổi trong component thì chúng ta sử dụng props trong phương thức render của component. Ví dụ như anh có component là APP trong đó giá trị h1 và h2 là được lấy từ component cha truyền xuống và không thay đổi được giá trị. Chúng ta sử dụng từ khoá this.props để lấy giá trị như sau' WHERE (`ID` = '4');
UPDATE `aurora_shop`.`product` SET `DESCRIPTION` = 'hi chúng ta cần dữ liệu hiển thị mà giá trị không thay đổi trong component thì chúng ta sử dụng props trong phương thức render của component. Ví dụ như anh có component là APP trong đó giá trị h1 và h2 là được lấy từ component cha truyền xuống và không thay đổi được giá trị. Chúng ta sử dụng từ khoá this.props để lấy giá trị như sau' WHERE (`ID` = '5');
UPDATE `aurora_shop`.`product` SET `DESCRIPTION` = 'hi chúng ta cần dữ liệu hiển thị mà giá trị không thay đổi trong component thì chúng ta sử dụng props trong phương thức render của component. Ví dụ như anh có component là APP trong đó giá trị h1 và h2 là được lấy từ component cha truyền xuống và không thay đổi được giá trị. Chúng ta sử dụng từ khoá this.props để lấy giá trị như sau' WHERE (`ID` = '6');
UPDATE `aurora_shop`.`product` SET `DESCRIPTION` = 'hi chúng ta cần dữ liệu hiển thị mà giá trị không thay đổi trong component thì chúng ta sử dụng props trong phương thức render của component. Ví dụ như anh có component là APP trong đó giá trị h1 và h2 là được lấy từ component cha truyền xuống và không thay đổi được giá trị. Chúng ta sử dụng từ khoá this.props để lấy giá trị như sau' WHERE (`ID` = '7');
UPDATE `aurora_shop`.`product` SET `DESCRIPTION` = 'hi chúng ta cần dữ liệu hiển thị mà giá trị không thay đổi trong component thì chúng ta sử dụng props trong phương thức render của component. Ví dụ như anh có component là APP trong đó giá trị h1 và h2 là được lấy từ component cha truyền xuống và không thay đổi được giá trị. Chúng ta sử dụng từ khoá this.props để lấy giá trị như sau' WHERE (`ID` = '8');
UPDATE `aurora_shop`.`product` SET `DESCRIPTION` = 'hi chúng ta cần dữ liệu hiển thị mà giá trị không thay đổi trong component thì chúng ta sử dụng props trong phương thức render của component. Ví dụ như anh có component là APP trong đó giá trị h1 và h2 là được lấy từ component cha truyền xuống và không thay đổi được giá trị. Chúng ta sử dụng từ khoá this.props để lấy giá trị như sau' WHERE (`ID` = '9');
UPDATE `aurora_shop`.`product` SET `DESCRIPTION` = 'hi chúng ta cần dữ liệu hiển thị mà giá trị không thay đổi trong component thì chúng ta sử dụng props trong phương thức render của component. Ví dụ như anh có component là APP trong đó giá trị h1 và h2 là được lấy từ component cha truyền xuống và không thay đổi được giá trị. Chúng ta sử dụng từ khoá this.props để lấy giá trị như sau' WHERE (`ID` = '10');
UPDATE `aurora_shop`.`product` SET `DESCRIPTION` = 'hi chúng ta cần dữ liệu hiển thị mà giá trị không thay đổi trong component thì chúng ta sử dụng props trong phương thức render của component. Ví dụ như anh có component là APP trong đó giá trị h1 và h2 là được lấy từ component cha truyền xuống và không thay đổi được giá trị. Chúng ta sử dụng từ khoá this.props để lấy giá trị như sau' WHERE (`ID` = '11');
UPDATE `aurora_shop`.`product` SET `DESCRIPTION` = 'hi chúng ta cần dữ liệu hiển thị mà giá trị không thay đổi trong component thì chúng ta sử dụng props trong phương thức render của component. Ví dụ như anh có component là APP trong đó giá trị h1 và h2 là được lấy từ component cha truyền xuống và không thay đổi được giá trị. Chúng ta sử dụng từ khoá this.props để lấy giá trị như sau' WHERE (`ID` = '12');
UPDATE `aurora_shop`.`product` SET `DESCRIPTION` = 'hi chúng ta cần dữ liệu hiển thị mà giá trị không thay đổi trong component thì chúng ta sử dụng props trong phương thức render của component. Ví dụ như anh có component là APP trong đó giá trị h1 và h2 là được lấy từ component cha truyền xuống và không thay đổi được giá trị. Chúng ta sử dụng từ khoá this.props để lấy giá trị như sau' WHERE (`ID` = '13');
UPDATE `aurora_shop`.`product` SET `DESCRIPTION` = 'hi chúng ta cần dữ liệu hiển thị mà giá trị không thay đổi trong component thì chúng ta sử dụng props trong phương thức render của component. Ví dụ như anh có component là APP trong đó giá trị h1 và h2 là được lấy từ component cha truyền xuống và không thay đổi được giá trị. Chúng ta sử dụng từ khoá this.props để lấy giá trị như sau' WHERE (`ID` = '14');
UPDATE `aurora_shop`.`product` SET `DESCRIPTION` = 'hi chúng ta cần dữ liệu hiển thị mà giá trị không thay đổi trong component thì chúng ta sử dụng props trong phương thức render của component. Ví dụ như anh có component là APP trong đó giá trị h1 và h2 là được lấy từ component cha truyền xuống và không thay đổi được giá trị. Chúng ta sử dụng từ khoá this.props để lấy giá trị như sau' WHERE (`ID` = '15');
UPDATE `aurora_shop`.`product` SET `DESCRIPTION` = 'hi chúng ta cần dữ liệu hiển thị mà giá trị không thay đổi trong component thì chúng ta sử dụng props trong phương thức render của component. Ví dụ như anh có component là APP trong đó giá trị h1 và h2 là được lấy từ component cha truyền xuống và không thay đổi được giá trị. Chúng ta sử dụng từ khoá this.props để lấy giá trị như sau' WHERE (`ID` = '16');
UPDATE `aurora_shop`.`product` SET `DESCRIPTION` = 'hi chúng ta cần dữ liệu hiển thị mà giá trị không thay đổi trong component thì chúng ta sử dụng props trong phương thức render của component. Ví dụ như anh có component là APP trong đó giá trị h1 và h2 là được lấy từ component cha truyền xuống và không thay đổi được giá trị. Chúng ta sử dụng từ khoá this.props để lấy giá trị như sau' WHERE (`ID` = '17');
UPDATE `aurora_shop`.`product` SET `DESCRIPTION` = 'hi chúng ta cần dữ liệu hiển thị mà giá trị không thay đổi trong component thì chúng ta sử dụng props trong phương thức render của component. Ví dụ như anh có component là APP trong đó giá trị h1 và h2 là được lấy từ component cha truyền xuống và không thay đổi được giá trị. Chúng ta sử dụng từ khoá this.props để lấy giá trị như sau' WHERE (`ID` = '18');
UPDATE `aurora_shop`.`product` SET `DESCRIPTION` = 'hi chúng ta cần dữ liệu hiển thị mà giá trị không thay đổi trong component thì chúng ta sử dụng props trong phương thức render của component. Ví dụ như anh có component là APP trong đó giá trị h1 và h2 là được lấy từ component cha truyền xuống và không thay đổi được giá trị. Chúng ta sử dụng từ khoá this.props để lấy giá trị như sau' WHERE (`ID` = '19');
UPDATE `aurora_shop`.`product` SET `DESCRIPTION` = 'hi chúng ta cần dữ liệu hiển thị mà giá trị không thay đổi trong component thì chúng ta sử dụng props trong phương thức render của component. Ví dụ như anh có component là APP trong đó giá trị h1 và h2 là được lấy từ component cha truyền xuống và không thay đổi được giá trị. Chúng ta sử dụng từ khoá this.props để lấy giá trị như sau' WHERE (`ID` = '20');
UPDATE `aurora_shop`.`product` SET `DESCRIPTION` = 'hi chúng ta cần dữ liệu hiển thị mà giá trị không thay đổi trong component thì chúng ta sử dụng props trong phương thức render của component. Ví dụ như anh có component là APP trong đó giá trị h1 và h2 là được lấy từ component cha truyền xuống và không thay đổi được giá trị. Chúng ta sử dụng từ khoá this.props để lấy giá trị như sau' WHERE (`ID` = '21');
UPDATE `aurora_shop`.`product` SET `DESCRIPTION` = 'hi chúng ta cần dữ liệu hiển thị mà giá trị không thay đổi trong component thì chúng ta sử dụng props trong phương thức render của component. Ví dụ như anh có component là APP trong đó giá trị h1 và h2 là được lấy từ component cha truyền xuống và không thay đổi được giá trị. Chúng ta sử dụng từ khoá this.props để lấy giá trị như sau' WHERE (`ID` = '22');
UPDATE `aurora_shop`.`product` SET `DESCRIPTION` = 'hi chúng ta cần dữ liệu hiển thị mà giá trị không thay đổi trong component thì chúng ta sử dụng props trong phương thức render của component. Ví dụ như anh có component là APP trong đó giá trị h1 và h2 là được lấy từ component cha truyền xuống và không thay đổi được giá trị. Chúng ta sử dụng từ khoá this.props để lấy giá trị như sau' WHERE (`ID` = '23');
UPDATE `aurora_shop`.`product` SET `DESCRIPTION` = 'hi chúng ta cần dữ liệu hiển thị mà giá trị không thay đổi trong component thì chúng ta sử dụng props trong phương thức render của component. Ví dụ như anh có component là APP trong đó giá trị h1 và h2 là được lấy từ component cha truyền xuống và không thay đổi được giá trị. Chúng ta sử dụng từ khoá this.props để lấy giá trị như sau' WHERE (`ID` = '24');
UPDATE `aurora_shop`.`product` SET `DESCRIPTION` = 'hi chúng ta cần dữ liệu hiển thị mà giá trị không thay đổi trong component thì chúng ta sử dụng props trong phương thức render của component. Ví dụ như anh có component là APP trong đó giá trị h1 và h2 là được lấy từ component cha truyền xuống và không thay đổi được giá trị. Chúng ta sử dụng từ khoá this.props để lấy giá trị như sau' WHERE (`ID` = '25');
UPDATE `aurora_shop`.`product` SET `DESCRIPTION` = 'hi chúng ta cần dữ liệu hiển thị mà giá trị không thay đổi trong component thì chúng ta sử dụng props trong phương thức render của component. Ví dụ như anh có component là APP trong đó giá trị h1 và h2 là được lấy từ component cha truyền xuống và không thay đổi được giá trị. Chúng ta sử dụng từ khoá this.props để lấy giá trị như sau' WHERE (`ID` = '26');
UPDATE `aurora_shop`.`product` SET `DESCRIPTION` = 'hi chúng ta cần dữ liệu hiển thị mà giá trị không thay đổi trong component thì chúng ta sử dụng props trong phương thức render của component. Ví dụ như anh có component là APP trong đó giá trị h1 và h2 là được lấy từ component cha truyền xuống và không thay đổi được giá trị. Chúng ta sử dụng từ khoá this.props để lấy giá trị như sau' WHERE (`ID` = '27');
UPDATE `aurora_shop`.`product` SET `DESCRIPTION` = 'hi chúng ta cần dữ liệu hiển thị mà giá trị không thay đổi trong component thì chúng ta sử dụng props trong phương thức render của component. Ví dụ như anh có component là APP trong đó giá trị h1 và h2 là được lấy từ component cha truyền xuống và không thay đổi được giá trị. Chúng ta sử dụng từ khoá this.props để lấy giá trị như sau' WHERE (`ID` = '28');
UPDATE `aurora_shop`.`product` SET `DESCRIPTION` = 'hi chúng ta cần dữ liệu hiển thị mà giá trị không thay đổi trong component thì chúng ta sử dụng props trong phương thức render của component. Ví dụ như anh có component là APP trong đó giá trị h1 và h2 là được lấy từ component cha truyền xuống và không thay đổi được giá trị. Chúng ta sử dụng từ khoá this.props để lấy giá trị như sau' WHERE (`ID` = '29');
UPDATE `aurora_shop`.`product` SET `DESCRIPTION` = 'hi chúng ta cần dữ liệu hiển thị mà giá trị không thay đổi trong component thì chúng ta sử dụng props trong phương thức render của component. Ví dụ như anh có component là APP trong đó giá trị h1 và h2 là được lấy từ component cha truyền xuống và không thay đổi được giá trị. Chúng ta sử dụng từ khoá this.props để lấy giá trị như sau' WHERE (`ID` = '30');
UPDATE `aurora_shop`.`product` SET `DESCRIPTION` = 'hi chúng ta cần dữ liệu hiển thị mà giá trị không thay đổi trong component thì chúng ta sử dụng props trong phương thức render của component. Ví dụ như anh có component là APP trong đó giá trị h1 và h2 là được lấy từ component cha truyền xuống và không thay đổi được giá trị. Chúng ta sử dụng từ khoá this.props để lấy giá trị như sau' WHERE (`ID` = '31');
UPDATE `aurora_shop`.`product` SET `DESCRIPTION` = 'hi chúng ta cần dữ liệu hiển thị mà giá trị không thay đổi trong component thì chúng ta sử dụng props trong phương thức render của component. Ví dụ như anh có component là APP trong đó giá trị h1 và h2 là được lấy từ component cha truyền xuống và không thay đổi được giá trị. Chúng ta sử dụng từ khoá this.props để lấy giá trị như sau' WHERE (`ID` = '32');
UPDATE `aurora_shop`.`product` SET `DESCRIPTION` = 'hi chúng ta cần dữ liệu hiển thị mà giá trị không thay đổi trong component thì chúng ta sử dụng props trong phương thức render của component. Ví dụ như anh có component là APP trong đó giá trị h1 và h2 là được lấy từ component cha truyền xuống và không thay đổi được giá trị. Chúng ta sử dụng từ khoá this.props để lấy giá trị như sau' WHERE (`ID` = '33');
UPDATE `aurora_shop`.`product` SET `DESCRIPTION` = 'hi chúng ta cần dữ liệu hiển thị mà giá trị không thay đổi trong component thì chúng ta sử dụng props trong phương thức render của component. Ví dụ như anh có component là APP trong đó giá trị h1 và h2 là được lấy từ component cha truyền xuống và không thay đổi được giá trị. Chúng ta sử dụng từ khoá this.props để lấy giá trị như sau' WHERE (`ID` = '34');
UPDATE `aurora_shop`.`product` SET `DESCRIPTION` = 'hi chúng ta cần dữ liệu hiển thị mà giá trị không thay đổi trong component thì chúng ta sử dụng props trong phương thức render của component. Ví dụ như anh có component là APP trong đó giá trị h1 và h2 là được lấy từ component cha truyền xuống và không thay đổi được giá trị. Chúng ta sử dụng từ khoá this.props để lấy giá trị như sau' WHERE (`ID` = '35');
UPDATE `aurora_shop`.`product` SET `DESCRIPTION` = 'hi chúng ta cần dữ liệu hiển thị mà giá trị không thay đổi trong component thì chúng ta sử dụng props trong phương thức render của component. Ví dụ như anh có component là APP trong đó giá trị h1 và h2 là được lấy từ component cha truyền xuống và không thay đổi được giá trị. Chúng ta sử dụng từ khoá this.props để lấy giá trị như sau' WHERE (`ID` = '36');
UPDATE `aurora_shop`.`product_image` SET `IMAGE_URL` = 'https://media.istockphoto.com/id/1474789549/vi/anh/b%E1%BB%99-trang-s%E1%BB%A9c-thanh-l%E1%BB%8Bch-trang-s%E1%BB%A9c-%C4%91%C6%B0%E1%BB%A3c-%C4%91%E1%BA%B7t-b%E1%BA%B1ng-%C4%91%C3%A1-qu%C3%BD-ph%E1%BB%A5-ki%E1%BB%87n-trang-s%E1%BB%A9c-c%E1%BA%AFt-d%C3%A1n-s%E1%BA%A3n-ph%E1%BA%A9m-t%C4%A9nh.jpg?s=612x612&w=0&k=20&c=70yUGQ8zUYagv0cYZNfiD-hVhygUE0aayRYwJBZkers=' WHERE (`ID` = '3');
UPDATE `aurora_shop`.`product_image` SET `IMAGE_URL` = 'https://media.istockphoto.com/id/1474789549/vi/anh/b%E1%BB%99-trang-s%E1%BB%A9c-thanh-l%E1%BB%8Bch-trang-s%E1%BB%A9c-%C4%91%C6%B0%E1%BB%A3c-%C4%91%E1%BA%B7t-b%E1%BA%B1ng-%C4%91%C3%A1-qu%C3%BD-ph%E1%BB%A5-ki%E1%BB%87n-trang-s%E1%BB%A9c-c%E1%BA%AFt-d%C3%A1n-s%E1%BA%A3n-ph%E1%BA%A9m-t%C4%A9nh.jpg?s=612x612&w=0&k=20&c=70yUGQ8zUYagv0cYZNfiD-hVhygUE0aayRYwJBZkers=' WHERE (`ID` = '4');
UPDATE `aurora_shop`.`product_image` SET `IMAGE_URL` = 'https://media.istockphoto.com/id/1474789549/vi/anh/b%E1%BB%99-trang-s%E1%BB%A9c-thanh-l%E1%BB%8Bch-trang-s%E1%BB%A9c-%C4%91%C6%B0%E1%BB%A3c-%C4%91%E1%BA%B7t-b%E1%BA%B1ng-%C4%91%C3%A1-qu%C3%BD-ph%E1%BB%A5-ki%E1%BB%87n-trang-s%E1%BB%A9c-c%E1%BA%AFt-d%C3%A1n-s%E1%BA%A3n-ph%E1%BA%A9m-t%C4%A9nh.jpg?s=612x612&w=0&k=20&c=70yUGQ8zUYagv0cYZNfiD-hVhygUE0aayRYwJBZkers=' WHERE (`ID` = '5');
UPDATE `aurora_shop`.`product_image` SET `IMAGE_URL` = 'https://media.istockphoto.com/id/1474789549/vi/anh/b%E1%BB%99-trang-s%E1%BB%A9c-thanh-l%E1%BB%8Bch-trang-s%E1%BB%A9c-%C4%91%C6%B0%E1%BB%A3c-%C4%91%E1%BA%B7t-b%E1%BA%B1ng-%C4%91%C3%A1-qu%C3%BD-ph%E1%BB%A5-ki%E1%BB%87n-trang-s%E1%BB%A9c-c%E1%BA%AFt-d%C3%A1n-s%E1%BA%A3n-ph%E1%BA%A9m-t%C4%A9nh.jpg?s=612x612&w=0&k=20&c=70yUGQ8zUYagv0cYZNfiD-hVhygUE0aayRYwJBZkers=' WHERE (`ID` = '6');
UPDATE `aurora_shop`.`product_image` SET `IMAGE_URL` = 'https://media.istockphoto.com/id/1474789549/vi/anh/b%E1%BB%99-trang-s%E1%BB%A9c-thanh-l%E1%BB%8Bch-trang-s%E1%BB%A9c-%C4%91%C6%B0%E1%BB%A3c-%C4%91%E1%BA%B7t-b%E1%BA%B1ng-%C4%91%C3%A1-qu%C3%BD-ph%E1%BB%A5-ki%E1%BB%87n-trang-s%E1%BB%A9c-c%E1%BA%AFt-d%C3%A1n-s%E1%BA%A3n-ph%E1%BA%A9m-t%C4%A9nh.jpg?s=612x612&w=0&k=20&c=70yUGQ8zUYagv0cYZNfiD-hVhygUE0aayRYwJBZkers=' WHERE (`ID` = '7');
UPDATE `aurora_shop`.`product_image` SET `IMAGE_URL` = 'https://media.istockphoto.com/id/1474789549/vi/anh/b%E1%BB%99-trang-s%E1%BB%A9c-thanh-l%E1%BB%8Bch-trang-s%E1%BB%A9c-%C4%91%C6%B0%E1%BB%A3c-%C4%91%E1%BA%B7t-b%E1%BA%B1ng-%C4%91%C3%A1-qu%C3%BD-ph%E1%BB%A5-ki%E1%BB%87n-trang-s%E1%BB%A9c-c%E1%BA%AFt-d%C3%A1n-s%E1%BA%A3n-ph%E1%BA%A9m-t%C4%A9nh.jpg?s=612x612&w=0&k=20&c=70yUGQ8zUYagv0cYZNfiD-hVhygUE0aayRYwJBZkers=' WHERE (`ID` = '8');
UPDATE `aurora_shop`.`product_image` SET `IMAGE_URL` = 'https://media.istockphoto.com/id/1474789549/vi/anh/b%E1%BB%99-trang-s%E1%BB%A9c-thanh-l%E1%BB%8Bch-trang-s%E1%BB%A9c-%C4%91%C6%B0%E1%BB%A3c-%C4%91%E1%BA%B7t-b%E1%BA%B1ng-%C4%91%C3%A1-qu%C3%BD-ph%E1%BB%A5-ki%E1%BB%87n-trang-s%E1%BB%A9c-c%E1%BA%AFt-d%C3%A1n-s%E1%BA%A3n-ph%E1%BA%A9m-t%C4%A9nh.jpg?s=612x612&w=0&k=20&c=70yUGQ8zUYagv0cYZNfiD-hVhygUE0aayRYwJBZkers=' WHERE (`ID` = '9');
UPDATE `aurora_shop`.`product_image` SET `IMAGE_URL` = 'https://media.istockphoto.com/id/1474789549/vi/anh/b%E1%BB%99-trang-s%E1%BB%A9c-thanh-l%E1%BB%8Bch-trang-s%E1%BB%A9c-%C4%91%C6%B0%E1%BB%A3c-%C4%91%E1%BA%B7t-b%E1%BA%B1ng-%C4%91%C3%A1-qu%C3%BD-ph%E1%BB%A5-ki%E1%BB%87n-trang-s%E1%BB%A9c-c%E1%BA%AFt-d%C3%A1n-s%E1%BA%A3n-ph%E1%BA%A9m-t%C4%A9nh.jpg?s=612x612&w=0&k=20&c=70yUGQ8zUYagv0cYZNfiD-hVhygUE0aayRYwJBZkers=' WHERE (`ID` = '10');
UPDATE `aurora_shop`.`product_image` SET `IMAGE_URL` = 'https://media.istockphoto.com/id/1474789549/vi/anh/b%E1%BB%99-trang-s%E1%BB%A9c-thanh-l%E1%BB%8Bch-trang-s%E1%BB%A9c-%C4%91%C6%B0%E1%BB%A3c-%C4%91%E1%BA%B7t-b%E1%BA%B1ng-%C4%91%C3%A1-qu%C3%BD-ph%E1%BB%A5-ki%E1%BB%87n-trang-s%E1%BB%A9c-c%E1%BA%AFt-d%C3%A1n-s%E1%BA%A3n-ph%E1%BA%A9m-t%C4%A9nh.jpg?s=612x612&w=0&k=20&c=70yUGQ8zUYagv0cYZNfiD-hVhygUE0aayRYwJBZkers=' WHERE (`ID` = '11');
UPDATE `aurora_shop`.`product_image` SET `IMAGE_URL` = 'https://media.istockphoto.com/id/1474789549/vi/anh/b%E1%BB%99-trang-s%E1%BB%A9c-thanh-l%E1%BB%8Bch-trang-s%E1%BB%A9c-%C4%91%C6%B0%E1%BB%A3c-%C4%91%E1%BA%B7t-b%E1%BA%B1ng-%C4%91%C3%A1-qu%C3%BD-ph%E1%BB%A5-ki%E1%BB%87n-trang-s%E1%BB%A9c-c%E1%BA%AFt-d%C3%A1n-s%E1%BA%A3n-ph%E1%BA%A9m-t%C4%A9nh.jpg?s=612x612&w=0&k=20&c=70yUGQ8zUYagv0cYZNfiD-hVhygUE0aayRYwJBZkers=' WHERE (`ID` = '12');
UPDATE `aurora_shop`.`product_image` SET `IMAGE_URL` = 'https://media.istockphoto.com/id/1474789549/vi/anh/b%E1%BB%99-trang-s%E1%BB%A9c-thanh-l%E1%BB%8Bch-trang-s%E1%BB%A9c-%C4%91%C6%B0%E1%BB%A3c-%C4%91%E1%BA%B7t-b%E1%BA%B1ng-%C4%91%C3%A1-qu%C3%BD-ph%E1%BB%A5-ki%E1%BB%87n-trang-s%E1%BB%A9c-c%E1%BA%AFt-d%C3%A1n-s%E1%BA%A3n-ph%E1%BA%A9m-t%C4%A9nh.jpg?s=612x612&w=0&k=20&c=70yUGQ8zUYagv0cYZNfiD-hVhygUE0aayRYwJBZkers=' WHERE (`ID` = '13');
UPDATE `aurora_shop`.`product_image` SET `IMAGE_URL` = 'https://media.istockphoto.com/id/1474789549/vi/anh/b%E1%BB%99-trang-s%E1%BB%A9c-thanh-l%E1%BB%8Bch-trang-s%E1%BB%A9c-%C4%91%C6%B0%E1%BB%A3c-%C4%91%E1%BA%B7t-b%E1%BA%B1ng-%C4%91%C3%A1-qu%C3%BD-ph%E1%BB%A5-ki%E1%BB%87n-trang-s%E1%BB%A9c-c%E1%BA%AFt-d%C3%A1n-s%E1%BA%A3n-ph%E1%BA%A9m-t%C4%A9nh.jpg?s=612x612&w=0&k=20&c=70yUGQ8zUYagv0cYZNfiD-hVhygUE0aayRYwJBZkers=' WHERE (`ID` = '14');
UPDATE `aurora_shop`.`product_image` SET `IMAGE_URL` = 'https://media.istockphoto.com/id/1474789549/vi/anh/b%E1%BB%99-trang-s%E1%BB%A9c-thanh-l%E1%BB%8Bch-trang-s%E1%BB%A9c-%C4%91%C6%B0%E1%BB%A3c-%C4%91%E1%BA%B7t-b%E1%BA%B1ng-%C4%91%C3%A1-qu%C3%BD-ph%E1%BB%A5-ki%E1%BB%87n-trang-s%E1%BB%A9c-c%E1%BA%AFt-d%C3%A1n-s%E1%BA%A3n-ph%E1%BA%A9m-t%C4%A9nh.jpg?s=612x612&w=0&k=20&c=70yUGQ8zUYagv0cYZNfiD-hVhygUE0aayRYwJBZkers=' WHERE (`ID` = '15');
UPDATE `aurora_shop`.`product_image` SET `IMAGE_URL` = 'https://media.istockphoto.com/id/1474789549/vi/anh/b%E1%BB%99-trang-s%E1%BB%A9c-thanh-l%E1%BB%8Bch-trang-s%E1%BB%A9c-%C4%91%C6%B0%E1%BB%A3c-%C4%91%E1%BA%B7t-b%E1%BA%B1ng-%C4%91%C3%A1-qu%C3%BD-ph%E1%BB%A5-ki%E1%BB%87n-trang-s%E1%BB%A9c-c%E1%BA%AFt-d%C3%A1n-s%E1%BA%A3n-ph%E1%BA%A9m-t%C4%A9nh.jpg?s=612x612&w=0&k=20&c=70yUGQ8zUYagv0cYZNfiD-hVhygUE0aayRYwJBZkers=' WHERE (`ID` = '16');
UPDATE `aurora_shop`.`product_image` SET `IMAGE_URL` = 'https://media.istockphoto.com/id/1474789549/vi/anh/b%E1%BB%99-trang-s%E1%BB%A9c-thanh-l%E1%BB%8Bch-trang-s%E1%BB%A9c-%C4%91%C6%B0%E1%BB%A3c-%C4%91%E1%BA%B7t-b%E1%BA%B1ng-%C4%91%C3%A1-qu%C3%BD-ph%E1%BB%A5-ki%E1%BB%87n-trang-s%E1%BB%A9c-c%E1%BA%AFt-d%C3%A1n-s%E1%BA%A3n-ph%E1%BA%A9m-t%C4%A9nh.jpg?s=612x612&w=0&k=20&c=70yUGQ8zUYagv0cYZNfiD-hVhygUE0aayRYwJBZkers=' WHERE (`ID` = '17');
UPDATE `aurora_shop`.`product_image` SET `IMAGE_URL` = 'https://media.istockphoto.com/id/1474789549/vi/anh/b%E1%BB%99-trang-s%E1%BB%A9c-thanh-l%E1%BB%8Bch-trang-s%E1%BB%A9c-%C4%91%C6%B0%E1%BB%A3c-%C4%91%E1%BA%B7t-b%E1%BA%B1ng-%C4%91%C3%A1-qu%C3%BD-ph%E1%BB%A5-ki%E1%BB%87n-trang-s%E1%BB%A9c-c%E1%BA%AFt-d%C3%A1n-s%E1%BA%A3n-ph%E1%BA%A9m-t%C4%A9nh.jpg?s=612x612&w=0&k=20&c=70yUGQ8zUYagv0cYZNfiD-hVhygUE0aayRYwJBZkers=' WHERE (`ID` = '18');
UPDATE `aurora_shop`.`product_image` SET `IMAGE_URL` = 'https://media.istockphoto.com/id/1474789549/vi/anh/b%E1%BB%99-trang-s%E1%BB%A9c-thanh-l%E1%BB%8Bch-trang-s%E1%BB%A9c-%C4%91%C6%B0%E1%BB%A3c-%C4%91%E1%BA%B7t-b%E1%BA%B1ng-%C4%91%C3%A1-qu%C3%BD-ph%E1%BB%A5-ki%E1%BB%87n-trang-s%E1%BB%A9c-c%E1%BA%AFt-d%C3%A1n-s%E1%BA%A3n-ph%E1%BA%A9m-t%C4%A9nh.jpg?s=612x612&w=0&k=20&c=70yUGQ8zUYagv0cYZNfiD-hVhygUE0aayRYwJBZkers=' WHERE (`ID` = '19');
UPDATE `aurora_shop`.`product_image` SET `IMAGE_URL` = 'https://media.istockphoto.com/id/1474789549/vi/anh/b%E1%BB%99-trang-s%E1%BB%A9c-thanh-l%E1%BB%8Bch-trang-s%E1%BB%A9c-%C4%91%C6%B0%E1%BB%A3c-%C4%91%E1%BA%B7t-b%E1%BA%B1ng-%C4%91%C3%A1-qu%C3%BD-ph%E1%BB%A5-ki%E1%BB%87n-trang-s%E1%BB%A9c-c%E1%BA%AFt-d%C3%A1n-s%E1%BA%A3n-ph%E1%BA%A9m-t%C4%A9nh.jpg?s=612x612&w=0&k=20&c=70yUGQ8zUYagv0cYZNfiD-hVhygUE0aayRYwJBZkers=' WHERE (`ID` = '20');
UPDATE `aurora_shop`.`product_image` SET `IMAGE_URL` = 'https://media.istockphoto.com/id/1474789549/vi/anh/b%E1%BB%99-trang-s%E1%BB%A9c-thanh-l%E1%BB%8Bch-trang-s%E1%BB%A9c-%C4%91%C6%B0%E1%BB%A3c-%C4%91%E1%BA%B7t-b%E1%BA%B1ng-%C4%91%C3%A1-qu%C3%BD-ph%E1%BB%A5-ki%E1%BB%87n-trang-s%E1%BB%A9c-c%E1%BA%AFt-d%C3%A1n-s%E1%BA%A3n-ph%E1%BA%A9m-t%C4%A9nh.jpg?s=612x612&w=0&k=20&c=70yUGQ8zUYagv0cYZNfiD-hVhygUE0aayRYwJBZkers=' WHERE (`ID` = '21');
UPDATE `aurora_shop`.`product_image` SET `IMAGE_URL` = 'https://media.istockphoto.com/id/1474789549/vi/anh/b%E1%BB%99-trang-s%E1%BB%A9c-thanh-l%E1%BB%8Bch-trang-s%E1%BB%A9c-%C4%91%C6%B0%E1%BB%A3c-%C4%91%E1%BA%B7t-b%E1%BA%B1ng-%C4%91%C3%A1-qu%C3%BD-ph%E1%BB%A5-ki%E1%BB%87n-trang-s%E1%BB%A9c-c%E1%BA%AFt-d%C3%A1n-s%E1%BA%A3n-ph%E1%BA%A9m-t%C4%A9nh.jpg?s=612x612&w=0&k=20&c=70yUGQ8zUYagv0cYZNfiD-hVhygUE0aayRYwJBZkers=' WHERE (`ID` = '22');
UPDATE `aurora_shop`.`product_image` SET `IMAGE_URL` = 'https://media.istockphoto.com/id/1474789549/vi/anh/b%E1%BB%99-trang-s%E1%BB%A9c-thanh-l%E1%BB%8Bch-trang-s%E1%BB%A9c-%C4%91%C6%B0%E1%BB%A3c-%C4%91%E1%BA%B7t-b%E1%BA%B1ng-%C4%91%C3%A1-qu%C3%BD-ph%E1%BB%A5-ki%E1%BB%87n-trang-s%E1%BB%A9c-c%E1%BA%AFt-d%C3%A1n-s%E1%BA%A3n-ph%E1%BA%A9m-t%C4%A9nh.jpg?s=612x612&w=0&k=20&c=70yUGQ8zUYagv0cYZNfiD-hVhygUE0aayRYwJBZkers=' WHERE (`ID` = '23');
UPDATE `aurora_shop`.`product_image` SET `IMAGE_URL` = 'https://media.istockphoto.com/id/1474789549/vi/anh/b%E1%BB%99-trang-s%E1%BB%A9c-thanh-l%E1%BB%8Bch-trang-s%E1%BB%A9c-%C4%91%C6%B0%E1%BB%A3c-%C4%91%E1%BA%B7t-b%E1%BA%B1ng-%C4%91%C3%A1-qu%C3%BD-ph%E1%BB%A5-ki%E1%BB%87n-trang-s%E1%BB%A9c-c%E1%BA%AFt-d%C3%A1n-s%E1%BA%A3n-ph%E1%BA%A9m-t%C4%A9nh.jpg?s=612x612&w=0&k=20&c=70yUGQ8zUYagv0cYZNfiD-hVhygUE0aayRYwJBZkers=' WHERE (`ID` = '24');
UPDATE `aurora_shop`.`product_image` SET `IMAGE_URL` = 'https://media.istockphoto.com/id/1474789549/vi/anh/b%E1%BB%99-trang-s%E1%BB%A9c-thanh-l%E1%BB%8Bch-trang-s%E1%BB%A9c-%C4%91%C6%B0%E1%BB%A3c-%C4%91%E1%BA%B7t-b%E1%BA%B1ng-%C4%91%C3%A1-qu%C3%BD-ph%E1%BB%A5-ki%E1%BB%87n-trang-s%E1%BB%A9c-c%E1%BA%AFt-d%C3%A1n-s%E1%BA%A3n-ph%E1%BA%A9m-t%C4%A9nh.jpg?s=612x612&w=0&k=20&c=70yUGQ8zUYagv0cYZNfiD-hVhygUE0aayRYwJBZkers=' WHERE (`ID` = '25');
UPDATE `aurora_shop`.`product_image` SET `IMAGE_URL` = 'https://media.istockphoto.com/id/1474789549/vi/anh/b%E1%BB%99-trang-s%E1%BB%A9c-thanh-l%E1%BB%8Bch-trang-s%E1%BB%A9c-%C4%91%C6%B0%E1%BB%A3c-%C4%91%E1%BA%B7t-b%E1%BA%B1ng-%C4%91%C3%A1-qu%C3%BD-ph%E1%BB%A5-ki%E1%BB%87n-trang-s%E1%BB%A9c-c%E1%BA%AFt-d%C3%A1n-s%E1%BA%A3n-ph%E1%BA%A9m-t%C4%A9nh.jpg?s=612x612&w=0&k=20&c=70yUGQ8zUYagv0cYZNfiD-hVhygUE0aayRYwJBZkers=' WHERE (`ID` = '26');
UPDATE `aurora_shop`.`product_image` SET `IMAGE_URL` = 'https://media.istockphoto.com/id/1474789549/vi/anh/b%E1%BB%99-trang-s%E1%BB%A9c-thanh-l%E1%BB%8Bch-trang-s%E1%BB%A9c-%C4%91%C6%B0%E1%BB%A3c-%C4%91%E1%BA%B7t-b%E1%BA%B1ng-%C4%91%C3%A1-qu%C3%BD-ph%E1%BB%A5-ki%E1%BB%87n-trang-s%E1%BB%A9c-c%E1%BA%AFt-d%C3%A1n-s%E1%BA%A3n-ph%E1%BA%A9m-t%C4%A9nh.jpg?s=612x612&w=0&k=20&c=70yUGQ8zUYagv0cYZNfiD-hVhygUE0aayRYwJBZkers=' WHERE (`ID` = '27');
UPDATE `aurora_shop`.`product_image` SET `IMAGE_URL` = 'https://media.istockphoto.com/id/1474789549/vi/anh/b%E1%BB%99-trang-s%E1%BB%A9c-thanh-l%E1%BB%8Bch-trang-s%E1%BB%A9c-%C4%91%C6%B0%E1%BB%A3c-%C4%91%E1%BA%B7t-b%E1%BA%B1ng-%C4%91%C3%A1-qu%C3%BD-ph%E1%BB%A5-ki%E1%BB%87n-trang-s%E1%BB%A9c-c%E1%BA%AFt-d%C3%A1n-s%E1%BA%A3n-ph%E1%BA%A9m-t%C4%A9nh.jpg?s=612x612&w=0&k=20&c=70yUGQ8zUYagv0cYZNfiD-hVhygUE0aayRYwJBZkers=' WHERE (`ID` = '28');
UPDATE `aurora_shop`.`product_image` SET `IMAGE_URL` = 'https://media.istockphoto.com/id/1474789549/vi/anh/b%E1%BB%99-trang-s%E1%BB%A9c-thanh-l%E1%BB%8Bch-trang-s%E1%BB%A9c-%C4%91%C6%B0%E1%BB%A3c-%C4%91%E1%BA%B7t-b%E1%BA%B1ng-%C4%91%C3%A1-qu%C3%BD-ph%E1%BB%A5-ki%E1%BB%87n-trang-s%E1%BB%A9c-c%E1%BA%AFt-d%C3%A1n-s%E1%BA%A3n-ph%E1%BA%A9m-t%C4%A9nh.jpg?s=612x612&w=0&k=20&c=70yUGQ8zUYagv0cYZNfiD-hVhygUE0aayRYwJBZkers=' WHERE (`ID` = '29');
UPDATE `aurora_shop`.`product_image` SET `IMAGE_URL` = 'https://media.istockphoto.com/id/1474789549/vi/anh/b%E1%BB%99-trang-s%E1%BB%A9c-thanh-l%E1%BB%8Bch-trang-s%E1%BB%A9c-%C4%91%C6%B0%E1%BB%A3c-%C4%91%E1%BA%B7t-b%E1%BA%B1ng-%C4%91%C3%A1-qu%C3%BD-ph%E1%BB%A5-ki%E1%BB%87n-trang-s%E1%BB%A9c-c%E1%BA%AFt-d%C3%A1n-s%E1%BA%A3n-ph%E1%BA%A9m-t%C4%A9nh.jpg?s=612x612&w=0&k=20&c=70yUGQ8zUYagv0cYZNfiD-hVhygUE0aayRYwJBZkers=' WHERE (`ID` = '30');
UPDATE `aurora_shop`.`product` SET `SUB_CATEGORY_ID` = '1' WHERE (`ID` = '1');
UPDATE `aurora_shop`.`product` SET `SUB_CATEGORY_ID` = '1' WHERE (`ID` = '2');
UPDATE `aurora_shop`.`product` SET `SUB_CATEGORY_ID` = '1' WHERE (`ID` = '3');
UPDATE `aurora_shop`.`product` SET `SUB_CATEGORY_ID` = '2' WHERE (`ID` = '4');
UPDATE `aurora_shop`.`product` SET `SUB_CATEGORY_ID` = '3' WHERE (`ID` = '5');
UPDATE `aurora_shop`.`product` SET `SUB_CATEGORY_ID` = '4' WHERE (`ID` = '6');
UPDATE `aurora_shop`.`product` SET `SUB_CATEGORY_ID` = '4' WHERE (`ID` = '7');
UPDATE `aurora_shop`.`product` SET `SUB_CATEGORY_ID` = '2' WHERE (`ID` = '8');
UPDATE `aurora_shop`.`product` SET `SUB_CATEGORY_ID` = '1' WHERE (`ID` = '9');
UPDATE `aurora_shop`.`product` SET `SUB_CATEGORY_ID` = '4' WHERE (`ID` = '10');
UPDATE `aurora_shop`.`product` SET `SUB_CATEGORY_ID` = '1' WHERE (`ID` = '11');
UPDATE `aurora_shop`.`product` SET `SUB_CATEGORY_ID` = '3' WHERE (`ID` = '36');
UPDATE `aurora_shop`.`product` SET `SUB_CATEGORY_ID` = '4' WHERE (`ID` = '35');
UPDATE `aurora_shop`.`product` SET `SUB_CATEGORY_ID` = '6' WHERE (`ID` = '34');
UPDATE `aurora_shop`.`product` SET `SUB_CATEGORY_ID` = '6' WHERE (`ID` = '32');
UPDATE `aurora_shop`.`product` SET `SUB_CATEGORY_ID` = '4' WHERE (`ID` = '31');
UPDATE `aurora_shop`.`product` SET `SUB_CATEGORY_ID` = '3' WHERE (`ID` = '30');
UPDATE `aurora_shop`.`product` SET `SUB_CATEGORY_ID` = '2' WHERE (`ID` = '29');
UPDATE `aurora_shop`.`product` SET `SUB_CATEGORY_ID` = '1' WHERE (`ID` = '28');
UPDATE `aurora_shop`.`product` SET `SUB_CATEGORY_ID` = '3' WHERE (`ID` = '27');
UPDATE `aurora_shop`.`product` SET `SUB_CATEGORY_ID` = '4' WHERE (`ID` = '26');
UPDATE `aurora_shop`.`product` SET `SUB_CATEGORY_ID` = '6' WHERE (`ID` = '24');
UPDATE `aurora_shop`.`product` SET `SUB_CATEGORY_ID` = '3' WHERE (`ID` = '23');
UPDATE `aurora_shop`.`product` SET `SUB_CATEGORY_ID` = '4' WHERE (`ID` = '22');
UPDATE `aurora_shop`.`product` SET `SUB_CATEGORY_ID` = '2' WHERE (`ID` = '21');
UPDATE `aurora_shop`.`product` SET `SUB_CATEGORY_ID` = '1' WHERE (`ID` = '20');
UPDATE `aurora_shop`.`product` SET `SUB_CATEGORY_ID` = '1' WHERE (`ID` = '19');
UPDATE `aurora_shop`.`product` SET `SUB_CATEGORY_ID` = '4' WHERE (`ID` = '18');
UPDATE `aurora_shop`.`product` SET `SUB_CATEGORY_ID` = '3' WHERE (`ID` = '17');
UPDATE `aurora_shop`.`product` SET `SUB_CATEGORY_ID` = '2' WHERE (`ID` = '15');
UPDATE `aurora_shop`.`product` SET `SUB_CATEGORY_ID` = '3' WHERE (`ID` = '14');
UPDATE `aurora_shop`.`product` SET `SUB_CATEGORY_ID` = '2' WHERE (`ID` = '13');
UPDATE `aurora_shop`.`product` SET `SUB_CATEGORY_ID` = '3' WHERE (`ID` = '12');
